{"payload":{"installed_packages":["absl-py==1.3.0","appnope==0.1.3","asttokens==2.2.1","attrs==22.1.0","backcall==0.2.0","brotlipy==0.7.0","cachetools==5.2.0","certifi==2022.9.24","cffi==1.15.1","charset-normalizer==2.0.4","click==8.1.3","comet-ml==3.31.20","configobj==5.0.6","contourpy==1.0.6","cryptography==38.0.1","cycler==0.11.0","decorator==5.1.1","docker-pycreds==0.4.0","dulwich==0.20.50","everett==3.1.0","executing==1.2.0","flit-core==3.6.0","fonttools==4.38.0","gitdb==4.0.10","gitpython==3.1.29","google-auth-oauthlib==0.4.6","google-auth==2.15.0","grpcio==1.51.1","idna==3.4","importlib-metadata==5.1.0","ipython==8.7.0","jedi==0.18.2","jsonschema==4.17.3","kiwisolver==1.4.4","markdown==3.4.1","markupsafe==2.1.1","matplotlib-inline==0.1.6","matplotlib==3.6.2","mkl-fft==1.3.1","mkl-random==1.2.2","mkl-service==2.4.0","numpy==1.23.4","oauthlib==3.2.2","opencv-python==4.6.0.66","packaging==22.0","pandas==1.5.2","parso==0.8.3","pathtools==0.1.2","pexpect==4.8.0","pickleshare==0.7.5","pillow==9.2.0","pip==22.2.2","promise==2.3","prompt-toolkit==3.0.36","protobuf==3.20.3","psutil==5.9.4","ptyprocess==0.7.0","pure-eval==0.2.2","pyasn1-modules==0.2.8","pyasn1==0.4.8","pycparser==2.21","pygments==2.13.0","pyopenssl==22.0.0","pyparsing==3.0.9","pyrsistent==0.19.2","pysocks==1.7.1","python-dateutil==2.8.2","pytz==2022.6","pyyaml==6.0","requests-oauthlib==1.3.1","requests-toolbelt==0.10.1","requests==2.28.1","rsa==4.9","scipy==1.9.3","seaborn==0.12.1","semantic-version==2.10.0","sentry-sdk==1.11.1","setproctitle==1.3.2","setuptools==65.5.0","shortuuid==1.0.11","simplejson==3.18.0","six==1.16.0","smmap==5.0.0","stack-data==0.6.2","tensorboard-data-server==0.6.1","tensorboard-plugin-wit==1.8.1","tensorboard==2.11.0","thop==0.1.1.post2209072238","torch==1.13.0","torchaudio==0.13.0","torchvision==0.14.0","tqdm==4.64.1","traitlets==5.7.0","typing-extensions==4.4.0","urllib3==1.26.12","wandb==0.13.6","wcwidth==0.2.5","websocket-client==1.3.3","werkzeug==2.2.2","wheel==0.37.1","wrapt==1.14.1","wurlitzer==3.0.3","zipp==3.11.0"],"local_timestamp":1670861873988},"type":"ws_msg"}
{"payload":{"env_details":{"command":["train.py","--data","PascalVOC2022/cfg/my_data.yaml","--cfg","PascalVOC2022/cfg/my_yolov5s.yaml","--weights","PascalVOC2022/cfg/yolov5s.pt","--epochs","5","--batch-size","4","--device","cpu","--project","PascalVOC2022/Output/train","--name","train_output"],"env":null,"hostname":"TX-Leos-MacBook-Pro.local","ip":"198.18.0.1","machine":"x86_64","os":"macOS-10.16-x86_64-i386-64bit","os_release":"22.1.0","os_type":"Darwin","pid":69670,"processor":"i386","python_exe":"/Users/leo/opt/anaconda3/envs/yolov5-pytorch-ultralytics/bin/python","python_version":"3.9.15","python_version_verbose":"3.9.15 (main, Nov 24 2022, 08:29:02) \n[Clang 14.0.6 ]","user":"leo"},"local_timestamp":1670861873990},"type":"ws_msg"}
{"payload":{"local_timestamp":1670861873992,"metric":{"epoch":null,"metricName":"sys.cpu.percent.avg","metricValue":65.925,"step":null}},"type":"metric_msg"}
{"payload":{"local_timestamp":1670861873992,"metric":{"epoch":null,"metricName":"sys.cpu.percent.01","metricValue":90.3,"step":null}},"type":"metric_msg"}
{"payload":{"local_timestamp":1670861873992,"metric":{"epoch":null,"metricName":"sys.cpu.percent.02","metricValue":41.6,"step":null}},"type":"metric_msg"}
{"payload":{"local_timestamp":1670861873992,"metric":{"epoch":null,"metricName":"sys.cpu.percent.03","metricValue":89.6,"step":null}},"type":"metric_msg"}
{"payload":{"local_timestamp":1670861873992,"metric":{"epoch":null,"metricName":"sys.cpu.percent.04","metricValue":42.2,"step":null}},"type":"metric_msg"}
{"payload":{"local_timestamp":1670861873992,"metric":{"epoch":null,"metricName":"sys.load.avg","metricValue":20.83740234375,"step":null}},"type":"metric_msg"}
{"payload":{"local_timestamp":1670861873992,"metric":{"epoch":null,"metricName":"sys.ram.total","metricValue":17179869184,"step":null}},"type":"metric_msg"}
{"payload":{"local_timestamp":1670861873992,"metric":{"epoch":null,"metricName":"sys.ram.used","metricValue":9169993728,"step":null}},"type":"metric_msg"}
{"payload":{"local_timestamp":1670861873993,"param":{"paramName":"data","paramValue":"PascalVOC2022/cfg/my_data.yaml","source":"cli","step":null}},"type":"parameter_msg"}
{"payload":{"local_timestamp":1670861873993,"param":{"paramName":"cfg","paramValue":"PascalVOC2022/cfg/my_yolov5s.yaml","source":"cli","step":null}},"type":"parameter_msg"}
{"payload":{"local_timestamp":1670861873993,"param":{"paramName":"weights","paramValue":"PascalVOC2022/cfg/yolov5s.pt","source":"cli","step":null}},"type":"parameter_msg"}
{"payload":{"local_timestamp":1670861873993,"param":{"paramName":"epochs","paramValue":5,"source":"cli","step":null}},"type":"parameter_msg"}
{"payload":{"local_timestamp":1670861873993,"param":{"paramName":"batch-size","paramValue":4,"source":"cli","step":null}},"type":"parameter_msg"}
{"payload":{"local_timestamp":1670861873993,"param":{"paramName":"device","paramValue":"cpu","source":"cli","step":null}},"type":"parameter_msg"}
{"payload":{"local_timestamp":1670861873993,"param":{"paramName":"project","paramValue":"PascalVOC2022/Output/train","source":"cli","step":null}},"type":"parameter_msg"}
{"payload":{"local_timestamp":1670861873993,"param":{"paramName":"name","paramValue":"train_output","source":"cli","step":null}},"type":"parameter_msg"}
{"payload":{"local_timestamp":1670861873994,"log_other":{"key":"offline_experiment","val":true}},"type":"ws_msg"}
{"payload":{"local_timestamp":1670861874008,"stderr":true,"stdout":"Traceback (most recent call last):\n"},"type":"ws_msg"}
{"payload":{"local_timestamp":1670861874009,"stderr":true,"stdout":"  File \"/Users/leo/Desktop/Projects/YOLO/mac-yolo/mac-yolov5/mac-yolov5-pytorch-Ultralytics/yolov5/train.py\", line 663, in <module>\n    main(opt)\n"},"type":"ws_msg"}
{"payload":{"local_timestamp":1670861874009,"stderr":true,"stdout":"  File \"/Users/leo/Desktop/Projects/YOLO/mac-yolo/mac-yolov5/mac-yolov5-pytorch-Ultralytics/yolov5/train.py\", line 528, in main\n    train(opt.hyp, opt, device, callbacks)\n"},"type":"ws_msg"}
{"payload":{"local_timestamp":1670861874009,"stderr":true,"stdout":"  File \"/Users/leo/Desktop/Projects/YOLO/mac-yolo/mac-yolov5/mac-yolov5-pytorch-Ultralytics/yolov5/train.py\", line 96, in train\n    loggers = Loggers(save_dir, weights, opt, hyp, LOGGER)  # loggers instance\n"},"type":"ws_msg"}
{"payload":{"local_timestamp":1670861874009,"stderr":true,"stdout":"  File \"/Users/leo/Desktop/Projects/YOLO/mac-yolo/mac-yolov5/mac-yolov5-pytorch-Ultralytics/yolov5/utils/loggers/__init__.py\", line 139, in __init__\n    self.comet_logger = CometLogger(self.opt, self.hyp)\n"},"type":"ws_msg"}
{"payload":{"local_timestamp":1670861874009,"stderr":true,"stdout":"  File \"/Users/leo/Desktop/Projects/YOLO/mac-yolo/mac-yolov5/mac-yolov5-pytorch-Ultralytics/yolov5/utils/loggers/comet/__init__.py\", line 97, in __init__\n    self.data_dict = self.check_dataset(self.opt.data)\n"},"type":"ws_msg"}
{"payload":{"local_timestamp":1670861874009,"stderr":true,"stdout":"  File \"/Users/leo/Desktop/Projects/YOLO/mac-yolo/mac-yolov5/mac-yolov5-pytorch-Ultralytics/yolov5/utils/loggers/comet/__init__.py\", line 234, in check_dataset\n    if data_config['path'].startswith(COMET_PREFIX):\n"},"type":"ws_msg"}
{"payload":{"local_timestamp":1670861874010,"stderr":true,"stdout":"KeyError: 'path'\n"},"type":"ws_msg"}
{"payload":{"local_timestamp":1670861874011,"stderr":true,"stdout":"Traceback (most recent call last):\n"},"type":"ws_msg"}
{"payload":{"local_timestamp":1670861874011,"stderr":true,"stdout":"  File \"/Users/leo/Desktop/Projects/YOLO/mac-yolo/mac-yolov5/mac-yolov5-pytorch-Ultralytics/yolov5/train.py\", line 663, in <module>\n"},"type":"ws_msg"}
{"payload":{"local_timestamp":1670861874014,"stderr":true,"stdout":"    "},"type":"ws_msg"}
{"payload":{"local_timestamp":1670861874014,"stderr":true,"stdout":"main(opt)"},"type":"ws_msg"}
{"payload":{"local_timestamp":1670861874015,"stderr":true,"stdout":"\n"},"type":"ws_msg"}
{"payload":{"local_timestamp":1670861874015,"stderr":true,"stdout":"  File \"/Users/leo/Desktop/Projects/YOLO/mac-yolo/mac-yolov5/mac-yolov5-pytorch-Ultralytics/yolov5/train.py\", line 528, in main\n"},"type":"ws_msg"}
{"payload":{"local_timestamp":1670861874017,"stderr":true,"stdout":"    "},"type":"ws_msg"}
{"payload":{"local_timestamp":1670861874017,"stderr":true,"stdout":"train(opt.hyp, opt, device, callbacks)"},"type":"ws_msg"}
{"payload":{"local_timestamp":1670861874017,"stderr":true,"stdout":"\n"},"type":"ws_msg"}
{"payload":{"local_timestamp":1670861874017,"stderr":true,"stdout":"  File \"/Users/leo/Desktop/Projects/YOLO/mac-yolo/mac-yolov5/mac-yolov5-pytorch-Ultralytics/yolov5/train.py\", line 96, in train\n"},"type":"ws_msg"}
{"payload":{"local_timestamp":1670861874017,"stderr":true,"stdout":"    "},"type":"ws_msg"}
{"payload":{"local_timestamp":1670861874017,"stderr":true,"stdout":"loggers = Loggers(save_dir, weights, opt, hyp, LOGGER)  # loggers instance"},"type":"ws_msg"}
{"payload":{"local_timestamp":1670861874017,"stderr":true,"stdout":"\n"},"type":"ws_msg"}
{"payload":{"local_timestamp":1670861874017,"stderr":true,"stdout":"  File \"/Users/leo/Desktop/Projects/YOLO/mac-yolo/mac-yolov5/mac-yolov5-pytorch-Ultralytics/yolov5/utils/loggers/__init__.py\", line 139, in __init__\n"},"type":"ws_msg"}
{"payload":{"local_timestamp":1670861874018,"stderr":true,"stdout":"    "},"type":"ws_msg"}
{"payload":{"local_timestamp":1670861874018,"stderr":true,"stdout":"self.comet_logger = CometLogger(self.opt, self.hyp)"},"type":"ws_msg"}
{"payload":{"local_timestamp":1670861874018,"stderr":true,"stdout":"\n"},"type":"ws_msg"}
{"payload":{"local_timestamp":1670861874018,"stderr":true,"stdout":"  File \"/Users/leo/Desktop/Projects/YOLO/mac-yolo/mac-yolov5/mac-yolov5-pytorch-Ultralytics/yolov5/utils/loggers/comet/__init__.py\", line 97, in __init__\n"},"type":"ws_msg"}
{"payload":{"local_timestamp":1670861874021,"stderr":true,"stdout":"    "},"type":"ws_msg"}
{"payload":{"local_timestamp":1670861874021,"stderr":true,"stdout":"self.data_dict = self.check_dataset(self.opt.data)"},"type":"ws_msg"}
{"payload":{"local_timestamp":1670861874021,"stderr":true,"stdout":"\n"},"type":"ws_msg"}
{"payload":{"local_timestamp":1670861874021,"stderr":true,"stdout":"  File \"/Users/leo/Desktop/Projects/YOLO/mac-yolo/mac-yolov5/mac-yolov5-pytorch-Ultralytics/yolov5/utils/loggers/comet/__init__.py\", line 234, in check_dataset\n"},"type":"ws_msg"}
{"payload":{"local_timestamp":1670861874023,"stderr":true,"stdout":"    "},"type":"ws_msg"}
{"payload":{"local_timestamp":1670861874023,"stderr":true,"stdout":"if data_config['path'].startswith(COMET_PREFIX):"},"type":"ws_msg"}
{"payload":{"local_timestamp":1670861874023,"stderr":true,"stdout":"\n"},"type":"ws_msg"}
{"payload":{"local_timestamp":1670861874023,"stderr":true,"stdout":"KeyError"},"type":"ws_msg"}
{"payload":{"local_timestamp":1670861874023,"stderr":true,"stdout":": "},"type":"ws_msg"}
{"payload":{"local_timestamp":1670861874024,"stderr":true,"stdout":"'path'"},"type":"ws_msg"}
{"payload":{"local_timestamp":1670861874024,"stderr":true,"stdout":"\n"},"type":"ws_msg"}
{"payload":{"additional_params":{"assetId":"ec7ef8686c264d468d9832d8026fa2ed","context":null,"epoch":null,"extension":"yml","fileName":"conda-environment.yml","overwrite":false,"runId":null,"step":null,"type":"conda-environment-definition"},"clean":true,"file_path":"tmpbfoytqfu","local_timestamp":1670861885582,"metadata":{},"upload_type":"conda-environment-definition"},"type":"file_upload"}
{"payload":{"additional_params":{"assetId":"60cba27c0d5643ada56af39c2790024e","context":null,"epoch":null,"extension":"txt","fileName":"conda-spec.txt","overwrite":false,"runId":null,"step":null,"type":"conda-specification"},"clean":true,"file_path":"tmpj78o72fr","local_timestamp":1670861894542,"metadata":{},"upload_type":"conda-specification"},"type":"file_upload"}
{"payload":{"additional_params":{"assetId":"b76f413c8c354f558b94b4383b69d3ac","context":null,"epoch":null,"extension":"yml","fileName":"conda-info.yml","overwrite":false,"runId":null,"step":null,"type":"conda-info"},"clean":true,"file_path":"tmpgq47lnvs","local_timestamp":1670861895737,"metadata":{},"upload_type":"conda-info"},"type":"file_upload"}
{"payload":{"local_timestamp":1670861895738,"stderr":true,"stdout":"COMET INFO: ----------------------------------\n"},"type":"ws_msg"}
{"payload":{"local_timestamp":1670861895738,"stderr":true,"stdout":"COMET INFO: Comet.ml OfflineExperiment Summary\n"},"type":"ws_msg"}
{"payload":{"local_timestamp":1670861895739,"stderr":true,"stdout":"COMET INFO: ----------------------------------\n"},"type":"ws_msg"}
{"payload":{"local_timestamp":1670861895740,"stderr":true,"stdout":"COMET INFO:   Data:\n"},"type":"ws_msg"}
{"payload":{"local_timestamp":1670861895740,"stderr":true,"stdout":"COMET INFO:     display_summary_level : 1\n"},"type":"ws_msg"}
{"payload":{"local_timestamp":1670861895740,"stderr":true,"stdout":"COMET INFO:     url                   : [OfflineExperiment will get URL after upload]\n"},"type":"ws_msg"}
{"payload":{"local_timestamp":1670861895740,"stderr":true,"stdout":"COMET INFO:   Others:\n"},"type":"ws_msg"}
{"payload":{"local_timestamp":1670861895740,"stderr":true,"stdout":"COMET INFO:     offline_experiment : True\n"},"type":"ws_msg"}
{"payload":{"local_timestamp":1670861895740,"stderr":true,"stdout":"COMET INFO:   Uploads:\n"},"type":"ws_msg"}
{"payload":{"local_timestamp":1670861895740,"stderr":true,"stdout":"COMET INFO:     conda-environment-definition : 1\n"},"type":"ws_msg"}
{"payload":{"local_timestamp":1670861895740,"stderr":true,"stdout":"COMET INFO:     conda-info                   : 1\n"},"type":"ws_msg"}
{"payload":{"local_timestamp":1670861895741,"stderr":true,"stdout":"COMET INFO:     conda-specification          : 1\n"},"type":"ws_msg"}
{"payload":{"local_timestamp":1670861895741,"stderr":true,"stdout":"COMET INFO:     environment details          : 1\n"},"type":"ws_msg"}
{"payload":{"local_timestamp":1670861895741,"stderr":true,"stdout":"COMET INFO:     installed packages           : 1\n"},"type":"ws_msg"}
{"payload":{"local_timestamp":1670861895741,"stderr":true,"stdout":"COMET INFO: ----------------------------------\n"},"type":"ws_msg"}
{"payload":{"local_timestamp":1670861895741,"stderr":true,"stdout":"COMET WARNING: Experiment Name is generated at upload time for Offline Experiments unless set explicitly with Experiment.set_name\n"},"type":"ws_msg"}
{"payload":{"local_timestamp":1670861895742,"stderr":true,"stdout":"COMET WARNING: Comet has disabled auto-logging functionality as it has been imported after the following ML modules: torch. Metrics and hyperparameters can still be logged using comet_ml.log_metrics() and comet_ml.log_parameters()\n"},"type":"ws_msg"}
{"payload":{"local_timestamp":1670861895742,"log_other":{"key":"sys.already_imported_modules","val":"[\"torch\"]"}},"type":"ws_msg"}
